Carrier,orig_port_cd,dest_port_cd,minm_wgh_qty,max_wgh_qty,minimum_cost,rate
0,8,9,250.0,499.99,43.227199999999996,0.7132
1,8,9,65.0,69.99,43.227199999999996,0.7512000000000001
2,8,9,60.0,64.99,43.227199999999996,0.7892
3,8,9,50.0,54.99,43.227199999999996,0.8271999999999999
4,8,9,35.0,39.99,43.227199999999996,1.0552
5,8,9,100.0,249.99,43.227199999999996,0.7132
6,8,9,500.0,1999.99,43.227199999999996,0.6751999999999999
7,8,9,55.0,59.99,43.227199999999996,0.8271999999999999
8,8,9,25.0,29.99,43.227199999999996,1.2451999999999999
9,8,9,30.0,34.99,43.227199999999996,1.1312
10,8,9,70.0,99.99,43.227199999999996,0.7512000000000001
11,8,9,10.0,14.99,43.227199999999996,1.8272
12,8,9,0.0,4.99,43.227199999999996,1.8272
13,8,9,5.0,9.99,43.227199999999996,1.8272
14,8,9,2000.0,99999.99,43.227199999999996,0.6372
15,8,9,45.0,49.99,43.227199999999996,0.9412
16,8,9,20.0,24.99,43.227199999999996,1.3212000000000002
17,8,9,40.0,44.99,43.227199999999996,0.9792000000000001
18,8,9,15.0,19.99,43.227199999999996,1.5872
19,10,9,65.0,69.99,43.227199999999996,0.7512000000000001
20,10,9,45.0,49.99,43.227199999999996,0.9412
21,10,9,50.0,54.99,43.227199999999996,0.8271999999999999
22,10,9,250.0,499.99,43.227199999999996,0.7132
23,10,9,500.0,1999.99,43.227199999999996,0.6751999999999999
24,10,9,100.0,249.99,43.227199999999996,0.7132
25,10,9,40.0,44.99,43.227199999999996,0.9792000000000001
26,10,9,20.0,24.99,43.227199999999996,1.3212000000000002
27,10,9,60.0,64.99,43.227199999999996,0.7892
28,10,9,35.0,39.99,43.227199999999996,1.0552
29,10,9,10.0,14.99,43.227199999999996,1.8272
30,10,9,0.0,4.99,43.227199999999996,1.8272
31,10,9,55.0,59.99,43.227199999999996,0.8271999999999999
32,10,9,30.0,34.99,43.227199999999996,1.1312
33,10,9,25.0,29.99,43.227199999999996,1.2451999999999999
34,10,9,5.0,9.99,43.227199999999996,1.8272
35,10,9,2000.0,99999.99,43.227199999999996,0.6372
36,10,9,70.0,99.99,43.227199999999996,0.7512000000000001
37,10,9,15.0,19.99,43.227199999999996,1.5872
38,9,9,500.0,1999.99,17.6888,0.0332
39,9,9,2000.0,99999.99,17.6888,0.0332
40,9,9,0.0,99.99,17.6888,0.0332
41,9,9,250.0,499.99,17.6888,0.0332
42,9,9,100.0,249.99,17.6888,0.0332
43,11,9,0.0,99.99,11.1112,0.1
44,11,9,2000.0,99999.99,11.1112,0.0924
45,11,9,250.0,499.99,11.1112,0.0924
46,11,9,100.0,249.99,11.1112,0.1
47,11,9,500.0,1999.99,11.1112,0.0924
48,4,9,100.0,249.99,21.470399999999998,0.062
49,4,9,0.0,99.99,21.470399999999998,0.062
50,4,9,500.0,1999.99,21.470399999999998,0.062
51,4,9,250.0,499.99,21.470399999999998,0.062
52,4,9,2000.0,99999.99,21.470399999999998,0.062
53,8,9,5000.0,9999.99,231.3072,0.1036
54,8,9,1000.0,4999.99,231.3072,0.1116
55,8,9,0.0,499.99,231.3072,0.18799999999999997
56,8,9,500.0,999.99,231.3072,0.12240000000000001
57,8,9,10000.0,99999.99,231.3072,0.10200000000000001
58,2,9,100.0,249.99,17.5156,0.0484
59,2,9,0.0,99.99,17.5156,0.0484
60,2,9,250.0,499.99,17.5156,0.0484
61,2,9,2000.0,99999.99,17.5156,0.0484
62,2,9,500.0,1999.99,17.5156,0.0484
63,3,9,2000.0,99999.99,19.3644,0.11560000000000001
64,3,9,250.0,499.99,19.3644,0.11560000000000001
65,3,9,100.0,249.99,19.3644,0.11560000000000001
66,3,9,500.0,1999.99,19.3644,0.11560000000000001
67,3,9,0.0,99.99,19.3644,0.11560000000000001
68,11,9,500.0,1999.99,15.2272,0.0768
69,11,9,2000.0,99999.99,15.2272,0.07640000000000001
70,11,9,0.0,99.99,15.2272,0.1932
71,11,9,250.0,499.99,15.2272,0.0824
72,11,9,100.0,249.99,15.2272,0.0828
73,7,9,0.0,99.99,21.2272,0.22519999999999998
74,7,9,100.0,249.99,21.2272,0.22119999999999998
75,7,9,250.0,499.99,21.2272,0.1932
76,7,9,500.0,1999.99,21.2272,0.1924
77,7,9,2000.0,99999.99,21.2272,0.1804
78,8,9,100.0,249.99,21.0272,0.10279999999999999
79,8,9,2000.0,99999.99,21.0272,0.1016
80,8,9,500.0,1999.99,21.0272,0.10200000000000001
81,8,9,0.0,99.99,21.0272,0.21719999999999998
82,8,9,250.0,499.99,21.0272,0.1024
83,10,9,100.0,249.99,15.4272,0.20119999999999996
84,10,9,2000.0,99999.99,15.4272,0.1004
85,10,9,500.0,1999.99,15.4272,0.1008
86,10,9,250.0,499.99,15.4272,0.1972
87,10,9,0.0,99.99,15.4272,0.2132
88,9,9,2000.0,99999.99,23.54,0.047599999999999996
89,9,9,500.0,1999.99,23.54,0.047599999999999996
90,9,9,100.0,249.99,23.54,0.047599999999999996
91,9,9,0.0,99.99,23.54,0.047599999999999996
92,9,9,250.0,499.99,23.54,0.047599999999999996
93,11,9,500.0,1999.99,15.4272,0.0772
94,11,9,250.0,499.99,15.4272,0.0828
95,11,9,2000.0,99999.99,15.4272,0.0768
96,11,9,100.0,249.99,15.4272,0.0832
97,11,9,0.0,99.99,15.4272,0.1972
98,11,9,2000.0,99999.99,7.8272,0.0684
99,11,9,500.0,1999.99,7.8272,0.0692
100,11,9,250.0,499.99,7.8272,0.07279999999999999
101,11,9,100.0,249.99,7.8272,0.0732
102,11,9,0.0,99.99,7.8272,0.0984
103,11,9,0.0,99.99,15.1176,0.1572
104,11,9,250.0,499.99,15.1176,0.1572
105,11,9,100.0,249.99,15.1176,0.1572
106,11,9,500.0,1999.99,15.1176,0.1572
107,11,9,2000.0,99999.99,15.1176,0.1572
108,7,9,2000.0,99999.99,9.6272,0.1448
109,7,9,500.0,1999.99,9.6272,0.14520000000000002
110,7,9,250.0,499.99,9.6272,0.1456
111,7,9,0.0,99.99,9.6272,0.174
112,7,9,100.0,249.99,9.6272,0.14600000000000002
113,4,9,0.0,99.99,27.8012,0.12960000000000002
114,4,9,250.0,499.99,27.8012,0.12960000000000002
115,4,9,2000.0,99999.99,27.8012,0.12960000000000002
116,4,9,500.0,1999.99,27.8012,0.12960000000000002
117,4,9,100.0,249.99,27.8012,0.12960000000000002
118,8,9,500.0,1999.99,19.0272,0.1024
119,8,9,0.0,99.99,19.0272,0.22519999999999998
120,8,9,2000.0,99999.99,19.0272,0.10200000000000001
121,8,9,100.0,249.99,19.0272,0.1032
122,8,9,250.0,499.99,19.0272,0.10279999999999999
123,8,9,100.0,249.99,21.0272,0.1532
124,8,9,250.0,499.99,21.0272,0.1492
125,8,9,500.0,1999.99,21.0272,0.1484
126,8,9,0.0,99.99,21.0272,0.1852
127,8,9,2000.0,99999.99,21.0272,0.1476
128,2,9,2000.0,99999.99,23.3096,0.0912
129,2,9,100.0,249.99,23.3096,0.0912
130,2,9,250.0,499.99,23.3096,0.0912
131,2,9,500.0,1999.99,23.3096,0.0912
132,2,9,0.0,99.99,23.3096,0.0912
133,10,9,2000.0,99999.99,15.6272,0.1008
134,10,9,500.0,1999.99,15.6272,0.10120000000000001
135,10,9,100.0,249.99,15.6272,0.20919999999999997
136,10,9,0.0,99.99,15.6272,0.21719999999999998
137,10,9,250.0,499.99,15.6272,0.20119999999999996
138,10,9,0.01,0.5,1.5884,0.5883999999999999
139,10,9,0.51,1.0,1.5884,0.5883999999999999
140,10,9,1.01,1.5,1.5884,0.5883999999999999
141,10,9,1.51,2.0,1.5884,0.5883999999999999
142,10,9,2.01,2.5,1.5884,0.5883999999999999
143,10,9,70.51,99.99,11.48,0.10400000000000001
144,10,9,100.0,455.99,13.987200000000001,0.0968
145,10,9,456.0,99999.99,65.312,0.098
146,10,9,0.01,0.5,1.6728,0.6728000000000001
147,10,9,0.51,1.0,1.6728,0.6728000000000001
148,10,9,1.01,1.5,1.6728,0.6728000000000001
149,10,9,1.51,2.0,1.6728,0.6728000000000001
150,10,9,2.01,2.5,1.6728,0.6728000000000001
151,10,9,70.51,99.99,11.451600000000001,0.1036
152,10,9,100.0,455.99,13.9472,0.0964
153,10,9,456.0,99999.99,65.1296,0.09759999999999999
154,3,9,500.0,1999.99,25.438,0.2828
155,3,9,2000.0,99999.99,25.438,0.23759999999999998
156,3,9,250.0,499.99,25.438,0.2828
157,3,9,0.0,99.99,25.438,0.2828
158,3,9,100.0,249.99,25.438,0.2828
159,7,9,2000.0,99999.99,21.627200000000002,0.1812
160,7,9,250.0,499.99,21.627200000000002,0.1972
161,7,9,500.0,1999.99,21.627200000000002,0.1932
162,7,9,100.0,249.99,21.627200000000002,0.2332
163,7,9,0.0,99.99,21.627200000000002,0.2652
164,2,9,250.0,499.99,23.8384,0.0808
165,2,9,100.0,249.99,23.8384,0.08439999999999999
166,2,9,2000.0,99999.99,23.8384,0.0784
167,2,9,500.0,1999.99,23.8384,0.0784
168,2,9,0.0,99.99,23.8384,0.1004
169,5,9,100.0,249.99,11.6072,0.1008
170,5,9,250.0,499.99,11.6072,0.0968
171,5,9,2000.0,99999.99,11.6072,0.0864
172,5,9,0.0,99.99,11.6072,0.1464
173,5,9,500.0,1999.99,11.6072,0.08839999999999999
174,6,9,500.0,1999.99,7.427200000000001,0.0848
175,6,9,0.0,99.99,7.427200000000001,0.0848
176,6,9,100.0,249.99,7.427200000000001,0.0848
177,6,9,250.0,499.99,7.427200000000001,0.0848
178,6,9,2000.0,99999.99,7.427200000000001,0.0848
179,7,9,0.0,99.99,23.0272,0.2772
180,7,9,100.0,249.99,23.0272,0.2372
181,7,9,2000.0,99999.99,23.0272,0.1852
182,7,9,250.0,499.99,23.0272,0.2072
183,7,9,500.0,1999.99,23.0272,0.1972
184,4,9,500.0,1999.99,3.4552,0.054400000000000004
185,4,9,0.0,99.99,3.4552,0.0824
186,4,9,250.0,499.99,3.4552,0.054400000000000004
187,4,9,2000.0,99999.99,3.4552,0.054400000000000004
188,4,9,100.0,249.99,3.4552,0.056400000000000006
189,4,9,2000.0,99999.99,1.4992,0.0424
190,4,9,100.0,249.99,1.4992,0.0424
191,4,9,250.0,499.99,1.4992,0.0424
192,4,9,500.0,1999.99,1.4992,0.0424
193,4,9,0.0,99.99,1.4992,0.0484
194,2,9,100.0,249.99,9.0272,0.0772
195,2,9,250.0,499.99,9.0272,0.0768
196,2,9,500.0,1999.99,9.0272,0.07640000000000001
197,2,9,0.0,99.99,9.0272,0.0888
198,2,9,2000.0,99999.99,9.0272,0.076
199,2,9,0.0,99.99,7.187200000000001,0.08560000000000001
200,2,9,100.0,249.99,7.187200000000001,0.07200000000000001
201,2,9,500.0,1999.99,7.187200000000001,0.07200000000000001
202,2,9,2000.0,99999.99,7.187200000000001,0.07200000000000001
203,2,9,250.0,499.99,7.187200000000001,0.07200000000000001
204,5,9,250.0,499.99,5.8072,0.0824
205,5,9,500.0,1999.99,5.8072,0.07400000000000001
206,5,9,2000.0,99999.99,5.8072,0.07200000000000001
207,5,9,100.0,249.99,5.8072,0.0864
208,5,9,0.0,99.99,5.8072,0.132
209,10,9,0.0,99.99,17.0272,0.22519999999999998
210,10,9,250.0,499.99,17.0272,0.2132
211,10,9,500.0,1999.99,17.0272,0.1972
212,10,9,100.0,249.99,17.0272,0.21719999999999998
213,10,9,2000.0,99999.99,17.0272,0.1852
214,10,9,2000.0,99999.99,15.2272,0.1476
215,10,9,250.0,499.99,15.2272,0.1484
216,10,9,500.0,1999.99,15.2272,0.14800000000000002
217,10,9,0.0,99.99,15.2272,0.1612
218,10,9,100.0,249.99,15.2272,0.14880000000000002
219,10,9,0.01,0.5,1.5884,0.5883999999999999
220,10,9,0.51,1.0,1.5884,0.5883999999999999
221,10,9,1.01,1.5,1.5884,0.5883999999999999
222,10,9,1.51,2.0,1.5884,0.5883999999999999
223,10,9,2.01,2.5,1.5884,0.5883999999999999
224,10,9,70.51,99.99,11.48,0.10400000000000001
225,10,9,100.0,455.99,13.987200000000001,0.0968
226,10,9,456.0,99999.99,65.312,0.098
227,10,9,0.01,0.5,1.6728,0.6728000000000001
228,10,9,0.51,1.0,1.6728,0.6728000000000001
229,10,9,1.01,1.5,1.6728,0.6728000000000001
230,10,9,1.51,2.0,1.6728,0.6728000000000001
231,10,9,2.01,2.5,1.6728,0.6728000000000001
232,10,9,70.51,99.99,11.451600000000001,0.1036
233,10,9,100.0,455.99,13.9472,0.0964
234,10,9,456.0,99999.99,65.1296,0.09759999999999999
235,10,9,0.0,0.453592,1.4024,0.8543750824529533
236,10,9,0.45812792,0.907184,1.4496,0.9584333550856275
237,10,9,0.9117199199999999,1.360776,1.5432000000000001,1.164786200814829
238,10,9,1.36531192,1.814368,1.6164,1.3261647083722818
239,10,9,1.81890392,2.26796,1.682,1.4707880703363374
240,10,9,2.27249592,2.721552,1.7192,1.552800098767174
241,10,9,2.72608792,3.175144,1.7591999999999999,1.640985075574525
242,10,9,3.17967992,3.628736,1.81,1.752979996119861
243,10,9,3.63327192,4.082328,1.8532,1.8482197710718
244,10,9,4.08686392,4.53592,1.8896,1.9284680999664898
245,10,9,4.540455919999999,4.9895119999999995,1.9356,3.0298808232949437
246,10,9,4.99404792,5.443104,1.9815999999999998,3.131293546623397
247,10,9,5.447639919999999,5.896696,3.0276,2.2327062699518514
248,10,9,5.90123192,6.350288,3.0736,2.334118993280305
249,10,9,6.354823919999999,6.8038799999999995,3.1196,1.4355317166087587
250,10,9,6.80841592,7.257472,3.1656,1.5369444399372125
251,10,9,7.26200792,7.711064,3.2116,2.6383571632656664
252,10,9,7.715599920000001,8.164656,3.2576,3.7397698865941202
253,10,9,8.169191920000001,8.618248,3.3036000000000003,3.8411826099225737
254,10,9,8.62278392,9.07184,3.3496,2.942595333251028
255,10,9,9.07637592,9.525432,3.3856,3.021961812377644
256,10,9,9.52996792,9.979023999999999,3.4215999999999998,4.1013282915042595
257,10,9,9.983559920000001,10.432616,3.4576000000000002,4.1806947706308755
258,10,9,10.43715192,10.886208,3.4936,4.2600612497574915
259,10,9,10.89074392,11.3398,3.5296000000000003,4.339427728884107
260,10,9,11.34433592,11.793392,3.5656,3.4187942080107234
261,10,9,11.797927920000001,12.246984,3.6016,4.498160687137339
262,10,9,12.25151992,12.700576,3.6376,4.577527166263955
263,10,9,12.70511192,13.154168,3.6735999999999995,3.6568936453905714
264,10,9,13.15870392,13.607759999999999,3.7096,3.736260124517188
265,10,9,13.612295920000001,14.061352,3.7456,3.8156266036438033
266,10,9,14.06588792,14.514944,3.7816,3.89499308277042
267,10,9,14.519479919999998,14.968536,3.8175999999999997,2.9743595618970353
268,10,9,14.973071919999999,15.422128,3.8536,5.053726041023651
269,10,9,15.42666392,15.87572,3.8896,6.133092520150268
270,10,9,15.88025592,16.329312,3.9256,2.2124589992768833
271,10,9,16.33384792,16.782904,3.9616,5.291825478403499
272,10,9,16.78743992,17.236496,3.9976,2.3711919575301152
273,10,9,17.241031919999998,17.690088,5.0336,5.450558436656731
274,10,9,17.694623919999998,18.14368,5.069599999999999,5.529924915783347
275,10,9,18.14821592,18.597272,5.1056,6.609291394909963
276,10,9,18.60180792,19.050864,5.1416,2.688657874036579
277,10,9,19.05539992,19.504456,5.1776,5.768024353163195
278,10,9,19.50899192,19.958047999999998,5.2136,6.847390832289811
279,10,9,19.96258392,20.41164,5.2496,2.926757311416427
280,10,9,20.41617592,20.865232,5.2856000000000005,5.006123790543044
281,10,9,20.869767919999997,21.318824,5.3216,3.085490269669659
282,10,9,21.323359919999998,21.772416,5.3576,5.164856748796275
283,10,9,21.77695192,22.226008,5.393599999999999,5.244223227922891
284,10,9,22.23054392,22.6796,5.429600000000001,3.323589707049507
285,10,9,22.68413592,23.133192,5.4668,6.405601735480344
286,10,9,23.13772792,23.586784,5.504,7.48761376391118
287,10,9,23.59131992,24.040376,5.5412,5.569625792342017
288,10,9,24.04491192,24.493968,5.5784,6.651637820772853
289,10,9,24.498503919999997,24.94756,5.615600000000001,7.733649849203689
290,10,9,24.952095919999998,25.401152,5.652800000000001,5.815661877634526
291,10,9,25.40568792,25.854744,5.6899999999999995,4.897673906065362
292,10,9,25.85927992,26.308336,5.7272,6.9796859344961995
293,10,9,26.31287192,26.761928,5.7644,6.061697962927037
294,10,9,26.76646392,27.215519999999998,5.8016000000000005,6.143709991357872
295,10,9,27.22005592,27.669112,5.838800000000001,7.22572201978871
296,10,9,27.67364792,28.122704,5.876,3.3077340482195448
297,10,9,28.127239919999997,28.576296,5.913200000000001,9.389746076650383
298,10,9,28.580831919999998,29.029888,5.9504,5.471758105081218
299,10,9,29.034423920000002,29.48348,5.9876000000000005,6.553770133512057
300,10,9,29.488015920000002,29.937072,7.024800000000001,4.635782161942892
301,10,9,29.941607920000003,30.390664,7.062,5.717794190373729
302,10,9,30.395199920000003,30.844256,7.0992,6.799806218804565
303,10,9,30.848791920000004,31.297848,7.1364,7.881818247235402
304,10,9,31.30238392,31.75144,7.1736,8.963830275666238
305,10,9,31.75597592,32.205032,7.2064,9.036141956648265
306,10,9,32.209567920000005,32.658624,7.2392,8.108453637630294
307,10,9,32.663159920000005,33.112216,7.272,7.1807653186123215
308,10,9,33.11675192,33.565808,7.3048,7.253076999594349
309,10,9,33.57034392,34.0194,7.3376,8.325388680576378
310,10,9,34.02393592,34.472992,7.3704,6.397700361558406
311,10,9,34.47752792,34.926584,7.4032,4.470012042540434
312,10,9,34.93111992,35.380176,7.436,8.542323723522461
313,10,9,35.38471192,35.833768,7.4688,5.614635404504489
314,10,9,35.83830392,36.28736,7.5016,6.6869470854865165
315,10,9,36.29189592,36.740952,7.534400000000001,5.7592587664685455
316,10,9,36.74548792,37.194544,7.5672,10.831570447450574
317,10,9,37.19907992,37.648136,7.6,4.9038821284326
318,10,9,37.65267192,38.101728,7.6328000000000005,10.976193809414628
319,10,9,38.10626392,38.55532,7.6655999999999995,11.048505490396655
320,10,9,38.559855920000004,39.008912,7.6984,5.120817171378684
321,10,9,39.013447920000004,39.462504,7.731199999999999,5.1931288523607115
322,10,9,39.467039920000005,39.916095999999996,7.764,9.26544053334274
323,10,9,39.920631920000005,40.369688,7.7968,4.337752214324768
324,10,9,40.37422392,40.82328,7.829600000000001,5.410063895306797
325,10,9,40.82781592,41.276872,7.8624,10.482375576288824
326,10,9,41.28140792,41.730464,7.895200000000001,12.554687257270851
327,10,9,41.73499992,42.184056,7.928,12.62699893825288
328,10,9,42.18859192,42.637648,7.960800000000001,6.6993106192349074
329,10,9,42.64218392,43.09124,7.993600000000001,8.771622300216935
330,10,9,43.09577592,43.544832,9.0264,4.843933981198964
331,10,9,43.54936792,43.998424,9.0592,5.916245662180991
332,10,9,44.00295992,44.452016,9.092,10.98855734316302
333,10,9,44.45655192,44.905608,9.1248,11.060869024145047
334,10,9,44.91014392,45.3592,9.1576,12.133180705127076
335,10,9,45.36373592,45.812792,9.198,11.222247531702498
336,10,9,45.817327920000004,46.266384,9.2384,8.311314358277924
337,10,9,46.270919920000004,46.719976,9.2788,12.40038118485335
338,10,9,46.724511920000005,47.173568,9.3192,11.489448011428772
339,10,9,47.178103920000005,47.627159999999996,9.3596,12.578514838004198
340,10,9,47.63169592,48.080752,9.4,9.667581664579622
341,10,9,48.08528792,48.534344,9.4404,13.756648491155048
342,10,9,48.53887992,48.987936,9.4808,5.845715317730473
343,10,9,48.99247192,49.441528,9.5212,5.9347821443058955
344,10,9,49.44606392,49.89512,9.5616,15.023848970881321
345,10,9,49.89965592,50.348712,9.602,13.112915797456747
346,10,9,50.35324792,50.802304,9.6424,14.20198262403217
347,10,9,50.80683992,51.255896,9.6828,13.291049450607595
348,10,9,51.26043192,51.709488,9.7232,8.380116277183019
349,10,9,51.71402392,52.16308,9.7636,13.469183103758445
350,10,9,52.16761592,52.616672,9.804,8.558249930333869
351,10,9,52.62120792,53.070264,9.8444,15.647316756909294
352,10,9,53.074799920000004,53.523856,9.8848,14.736383583484717
353,10,9,53.528391920000004,53.977448,9.9252,8.825450410060144
354,10,9,53.981983920000005,54.431039999999996,9.9656,7.914517236635566
355,10,9,54.435575920000005,54.884631999999996,11.006,7.003584063210992
356,10,9,54.88916792,55.338224,11.0464,11.092650889786416
357,10,9,55.34275992,55.791816,11.0868,8.18171771636184
358,10,9,55.79635192,56.245408,11.1272,9.270784542937266
359,10,9,56.24994392,56.699,11.1676,14.35985136951269
360,10,9,56.70353592,57.152592,11.208000000000002,16.448918196088115
361,10,9,57.15712792,57.606184,11.2484,12.537985022663541
362,10,9,57.61071992,58.059776,11.2888,13.627051849238962
363,10,9,58.064311919999994,58.513368,11.3292,15.71611867581439
364,10,9,58.517903919999995,58.96696,11.3696,10.805185502389813
365,10,9,58.971495919999995,59.420552,11.41,7.894252328965237
366,10,9,59.425087919999996,59.874144,11.450400000000002,16.983319155540663
367,10,9,59.878679919999996,60.327736,11.4908,8.072385982116087
368,10,9,60.33227192,60.781328,11.5312,16.16145280869151
369,10,9,60.78586392,61.23492,11.5716,8.250519635266937
370,10,9,61.23945592,61.688512,11.612,17.339586461842362
371,10,9,61.69304792,62.142103999999996,11.6524,14.428653288417786
372,10,9,62.14663992,62.595696,11.6928,17.51772011499321
373,10,9,62.60023191999999,63.049288,11.7332,13.606786941568634
374,10,9,63.05382391999999,63.50288,11.7736,18.695853768144058
375,10,9,63.50741591999999,63.956472,11.814,6.784920594719484
376,10,9,63.96100791999999,64.410064,11.854400000000002,11.87398742129491
377,10,9,64.41459992,64.863656,11.8948,18.963054247870332
378,10,9,64.86819192,65.317248,11.9352,18.052121074445758
379,10,9,65.32178392,65.77083999999999,11.9756,11.141187901021183
380,10,9,65.77537592,66.224432,13.016,13.230254727596607
381,10,9,66.22896791999999,66.678024,13.0564,11.319321554172031
382,10,9,66.68255991999999,67.131616,13.096800000000002,10.408388380747459
383,10,9,67.13615191999999,67.585208,13.1372,17.49745520732288
384,10,9,67.58974391999999,68.0388,13.1776,11.586522033898305
385,10,9,68.04333591999999,45359.19546408,13.2484,0.11803052611157165
386,6,9,2000.0,99999.99,13.667200000000001,0.0868
387,6,9,0.0,99.99,13.667200000000001,0.0868
388,6,9,100.0,249.99,13.667200000000001,0.0868
389,6,9,250.0,499.99,13.667200000000001,0.0868
390,6,9,500.0,1999.99,13.667200000000001,0.0868
391,6,9,0.0,99.99,5.4272,0.07400000000000001
392,6,9,500.0,1999.99,5.4272,0.07400000000000001
393,6,9,2000.0,99999.99,5.4272,0.07400000000000001
394,6,9,250.0,499.99,5.4272,0.07400000000000001
395,6,9,100.0,249.99,5.4272,0.07400000000000001
396,6,9,0.001,0.5,1.3352,0.33520000000000005
397,6,9,0.010000000000000009,0.5,1.43,0.43
398,6,9,0.51,1.0,1.43,0.43
399,6,9,1.01,1.5,1.5219999999999998,0.5219999999999999
400,6,9,1.51,2.0,1.6139999999999999,0.614
401,6,9,2.01,2.5,1.7064,0.7064
402,6,9,0.010000000000000009,0.5,1.4811999999999999,0.48119999999999996
403,6,9,0.51,1.0,1.4811999999999999,0.48119999999999996
404,6,9,1.01,1.5,1.4811999999999999,0.48119999999999996
405,6,9,1.51,2.0,1.4811999999999999,0.48119999999999996
406,6,9,2.01,2.5,1.4811999999999999,0.48119999999999996
407,6,9,2.51,3.0,1.4811999999999999,0.48119999999999996
408,6,9,3.01,3.5,1.5064,0.5064
409,6,9,3.51,4.0,1.5492,0.5492
410,6,9,4.01,4.5,1.592,0.592
411,6,9,4.51,5.0,1.6347999999999998,0.6347999999999999
412,6,9,5.01,5.5,1.6776,0.6776000000000001
413,6,9,5.51,6.0,1.7204,0.7203999999999999
414,6,9,6.01,6.5,1.7631999999999999,0.7631999999999999
415,6,9,6.51,7.0,1.806,0.8059999999999999
416,6,9,7.01,7.5,1.8488,0.8488
417,6,9,7.51,8.0,1.8916,0.8916
418,6,9,8.01,8.5,1.9344000000000001,0.9344
419,6,9,8.51,9.0,1.9771999999999998,0.9772
420,6,9,9.01,9.5,3.02,1.02
421,6,9,9.51,10.0,3.0628,1.0628
422,6,9,10.01,10.5,3.1028000000000002,1.1028
423,6,9,10.51,11.0,3.1428000000000003,1.1428
424,6,9,11.01,11.5,3.1828000000000003,1.1828
425,6,9,11.51,12.0,3.2228000000000003,1.2228
426,6,9,12.01,12.5,3.2628,1.2628
427,6,9,12.51,13.0,3.3028,1.3028
428,6,9,13.01,13.5,3.3428,1.3428
429,6,9,13.51,14.0,3.3828,1.3828
430,6,9,14.01,14.5,3.4228,1.4228
431,6,9,14.51,15.0,3.4628,1.4628
432,6,9,15.01,15.5,3.5027999999999997,1.5028
433,6,9,15.51,16.0,3.5427999999999997,1.5428
434,6,9,16.01,16.5,3.5519999999999996,1.5519999999999998
435,6,9,16.51,17.0,3.5519999999999996,1.5519999999999998
436,6,9,17.01,17.5,3.5519999999999996,1.5519999999999998
437,6,9,17.51,18.0,3.5519999999999996,1.5519999999999998
438,6,9,18.01,18.5,3.5519999999999996,1.5519999999999998
439,6,9,18.51,19.0,3.5519999999999996,1.5519999999999998
440,6,9,19.01,19.5,3.5519999999999996,1.5519999999999998
441,6,9,19.51,20.0,3.5519999999999996,1.5519999999999998
442,6,9,20.01,20.5,3.5519999999999996,1.5519999999999998
443,6,9,20.51,21.0,3.5519999999999996,1.5519999999999998
444,6,9,21.01,21.5,3.6247999999999996,1.6247999999999998
445,6,9,21.51,22.0,3.6247999999999996,1.6247999999999998
446,6,9,22.01,22.5,3.6972,1.6972
447,6,9,22.51,23.0,3.6972,1.6972
448,6,9,23.01,23.5,3.77,1.77
449,6,9,23.51,24.0,3.77,1.77
450,6,9,24.01,24.5,3.8419999999999996,1.8419999999999999
451,6,9,24.51,25.0,3.8419999999999996,1.8419999999999999
452,6,9,25.01,25.5,3.9143999999999997,1.9143999999999999
453,6,9,25.51,26.0,3.9143999999999997,1.9143999999999999
454,6,9,26.01,26.5,3.9872,1.9872
455,6,9,26.51,27.0,3.9872,1.9872
456,6,9,27.01,27.5,5.0596,2.0596
457,6,9,27.51,28.0,5.0596,1.0596
458,6,9,28.01,28.5,5.1324000000000005,1.1324
459,6,9,28.51,29.0,5.1324000000000005,1.1324
460,6,9,29.01,29.5,5.2044,1.2044000000000001
461,6,9,29.51,30.0,5.2044,1.2044000000000001
462,6,9,30.01,30.5,5.277200000000001,2.2772
463,6,9,30.51,31.0,5.277200000000001,1.2772000000000001
464,6,9,31.01,31.5,5.349600000000001,3.3496
465,6,9,31.51,32.0,5.349600000000001,3.3496
466,6,9,32.01,32.5,5.4224,2.4224
467,6,9,32.51,33.0,5.4224,2.4224
468,6,9,33.01,33.5,5.4948,3.4947999999999997
469,6,9,33.51,34.0,5.4948,1.4947999999999997
470,6,9,34.01,34.5,5.5676000000000005,2.5676
471,6,9,34.51,35.0,5.5676000000000005,1.5676
472,6,9,35.01,35.5,5.6396,1.6396000000000002
473,6,9,35.51,36.0,5.6396,2.6396
474,6,9,36.01,36.5,5.712400000000001,3.7124
475,6,9,36.51,37.0,5.712400000000001,2.7124
476,6,9,37.01,37.5,5.784800000000001,1.7848000000000002
477,6,9,37.51,38.0,5.784800000000001,2.7848
478,6,9,38.01,38.5,5.857600000000001,2.8576000000000006
479,6,9,38.51,39.0,5.857600000000001,1.8576000000000006
480,6,9,39.01,39.5,5.93,3.93
481,6,9,39.51,40.0,5.93,1.9300000000000002
482,6,9,40.01,40.5,7.0024,2.0024
483,6,9,40.51,41.0,7.0024,4.0024
484,6,9,41.01,41.5,7.0748,3.0748
485,6,9,41.51,42.0,7.0748,4.0748
486,6,9,42.01,42.5,7.114800000000001,2.1148000000000002
487,6,9,42.51,43.0,7.114800000000001,4.114800000000001
488,6,9,43.01,43.5,7.114800000000001,3.1148000000000002
489,6,9,43.51,44.0,7.114800000000001,4.114800000000001
490,6,9,44.01,44.5,7.114800000000001,4.114800000000001
491,6,9,44.51,45.0,7.114800000000001,3.1148000000000002
492,6,9,45.01,45.5,7.1836,4.1836
493,6,9,45.51,46.0,7.1836,4.1836
494,6,9,46.01,46.5,7.2524,3.2524
495,6,9,46.51,47.0,7.2524,3.2524
496,6,9,47.01,47.5,7.3204,3.3204000000000002
497,6,9,47.51,48.0,7.3204,2.3204000000000002
498,6,9,48.01,48.5,7.388800000000001,4.388800000000001
499,6,9,48.51,49.0,7.388800000000001,3.3888000000000007
500,6,9,49.01,49.5,7.457600000000001,3.4576000000000007
501,6,9,49.51,50.0,7.457600000000001,2.4576000000000007
502,6,9,50.01,50.5,7.526,3.5260000000000002
503,6,9,50.51,51.0,7.526,2.5260000000000002
504,6,9,51.01,51.5,7.5948,3.5948
505,6,9,51.51,52.0,7.5948,2.5948
506,6,9,52.01,52.5,7.663600000000001,2.6636
507,6,9,52.51,53.0,7.663600000000001,4.663600000000001
508,6,9,53.01,53.5,7.732000000000001,4.732000000000001
509,6,9,53.51,54.0,7.732000000000001,3.7320000000000007
510,6,9,54.01,54.5,7.8004,3.8004000000000002
511,6,9,54.51,55.0,7.8004,2.8004000000000002
512,6,9,55.01,55.5,7.8692,2.8692
513,6,9,55.51,56.0,7.8692,2.8692
514,6,9,56.01,56.5,7.937600000000001,2.9376000000000007
515,6,9,56.51,57.0,7.937600000000001,4.937600000000001
516,6,9,57.01,57.5,9.0064,5.0064
517,6,9,57.51,58.0,9.0064,6.0064
518,6,9,58.01,58.5,9.0744,6.074400000000001
519,6,9,58.51,59.0,9.0744,2.0744000000000007
520,6,9,59.01,59.5,9.1432,5.1432
521,6,9,59.51,60.0,9.1432,6.1432
522,6,9,60.01,60.5,9.212,3.2120000000000006
523,6,9,60.51,61.0,9.212,4.212000000000001
524,6,9,61.01,61.5,9.2808,4.2808
525,6,9,61.51,62.0,9.2808,6.2808
526,6,9,62.01,62.5,9.3492,6.3492
527,6,9,62.51,63.0,9.3492,3.3491999999999997
528,6,9,63.01,63.5,9.4176,6.4176
529,6,9,63.51,64.0,9.4176,6.4176
530,6,9,64.01,64.5,9.4864,6.486400000000001
531,6,9,64.51,65.0,9.4864,4.486400000000001
532,6,9,65.01,65.5,9.554400000000001,4.5544
533,6,9,65.51,66.0,9.554400000000001,3.5544000000000002
534,6,9,66.01,66.5,9.5884,5.5884
535,6,9,66.51,67.0,9.622399999999999,6.6224
536,6,9,67.01,67.5,9.656400000000001,5.6564000000000005
537,6,9,67.51,68.0,9.6904,4.6904
538,6,9,68.01,68.5,9.7276,4.727600000000001
539,6,9,68.51,69.0,9.7276,4.727600000000001
540,6,9,69.01,69.5,9.7276,5.727600000000001
541,6,9,69.51,70.0,9.7276,3.7276000000000007
542,6,9,70.01,70.5,9.7276,2.7276000000000007
543,6,9,70.51,99.99,9.7416,0.09359999999999999
544,6,9,100.0,299.99,13.3872,0.0908
545,6,9,300.0,499.99,35.6672,0.086
546,6,9,500.0,999.99,59.4272,0.086
547,6,9,1000.0,9999.99,117.8272,0.086
548,6,9,0.0,0.5,1.4356,0.43560000000000004
549,6,9,0.51,1.0,1.4768,0.4768
550,6,9,1.01,1.5,1.5148,0.5147999999999999
551,6,9,1.51,2.0,1.5516,0.5516
552,6,9,2.01,2.5,1.5859999999999999,0.586
553,6,9,2.51,3.0,1.6204,0.6204
554,6,9,3.01,3.5,1.654,0.654
555,6,9,3.51,4.0,1.6884000000000001,0.6884
556,6,9,4.01,4.5,1.7227999999999999,0.7228
557,6,9,4.51,5.0,1.7568,0.7567999999999999
558,6,9,5.01,5.5,1.7872,0.7872
559,6,9,5.51,6.0,1.8176,0.8176000000000001
560,6,9,6.01,6.5,1.8479999999999999,0.848
561,6,9,6.51,7.0,1.8784,0.8784000000000001
562,6,9,7.01,7.5,1.9087999999999998,0.9087999999999999
563,6,9,7.51,8.0,1.9392,0.9392
564,6,9,8.01,8.5,1.9695999999999998,0.9695999999999999
565,6,9,8.51,9.0,2.0,1.0
566,6,9,9.01,9.5,3.0304,1.0304
567,6,9,9.51,10.0,3.0608,1.0608
568,6,9,10.01,10.5,3.0904,1.0903999999999998
569,6,9,10.51,11.0,3.12,1.12
570,6,9,11.01,11.5,3.1496,1.1496
571,6,9,11.51,12.0,3.1792,1.1792
572,6,9,12.01,12.5,3.2088,1.2087999999999999
573,6,9,12.51,13.0,3.2384,1.2384
574,6,9,13.01,13.5,3.268,1.268
575,6,9,13.51,14.0,3.2976,1.2976
576,6,9,14.01,14.5,3.3272,1.3272
577,6,9,14.51,15.0,3.3568,1.3568
578,6,9,15.01,15.5,3.3868,1.3868
579,6,9,15.51,16.0,3.4168000000000003,1.4168
580,6,9,16.01,16.5,3.4468,1.4468
581,6,9,16.51,17.0,3.4768,1.4768000000000001
582,6,9,17.01,17.5,3.5068,1.5068000000000001
583,6,9,17.51,18.0,3.5368000000000004,1.5368000000000002
584,6,9,18.01,18.5,3.5667999999999997,1.5668
585,6,9,18.51,19.0,3.5968,1.5968
586,6,9,19.01,19.5,3.6268000000000002,1.6268
587,6,9,19.51,20.0,3.6568,1.6568
588,6,9,20.01,20.5,3.6868,1.6868
589,6,9,20.51,21.0,3.7168,1.7168
590,6,9,21.01,21.5,3.7468000000000004,1.7468000000000001
591,6,9,21.51,22.0,3.7768,1.7768000000000002
592,6,9,22.01,22.5,3.8068,1.8068
593,6,9,22.51,23.0,3.8368,1.8368
594,6,9,23.01,23.5,3.8668,1.8668
595,6,9,23.51,24.0,3.8968,1.8968
596,6,9,24.01,24.5,3.9268,1.9268
597,6,9,24.51,25.0,3.9568000000000003,1.9568
598,6,9,25.01,25.5,3.9868,1.9868000000000001
599,6,9,25.51,26.0,5.0168,3.0168
600,6,9,26.01,26.5,5.0468,1.0468000000000002
601,6,9,26.51,27.0,5.0768,2.0768
602,6,9,27.01,27.5,5.1068,1.1068000000000002
603,6,9,27.51,28.0,5.1368,2.1368
604,6,9,28.01,28.5,5.1668,1.1668000000000003
605,6,9,28.51,29.0,5.1968,3.1968
606,6,9,29.01,29.5,5.2268,1.2268
607,6,9,29.51,30.0,5.2568,3.2568
608,6,9,30.01,30.5,5.2867999999999995,1.2868
609,6,9,30.51,31.0,5.316800000000001,3.3168
610,6,9,31.01,31.5,5.3468,3.3468
611,6,9,31.51,32.0,5.3768,1.3768000000000002
612,6,9,32.01,32.5,5.4068000000000005,1.4068
613,6,9,32.51,33.0,5.4368,1.4367999999999999
614,6,9,33.01,33.5,5.4668,2.4668
615,6,9,33.51,34.0,5.4968,2.4968
616,6,9,34.01,34.5,5.5268,2.5268
617,6,9,34.51,35.0,5.5568,1.5568
618,6,9,35.01,35.5,5.5868,3.5868
619,6,9,35.51,36.0,5.6168,2.6168
620,6,9,36.01,36.5,5.646800000000001,1.6468000000000003
621,6,9,36.51,37.0,5.6768,2.6768
622,6,9,37.01,37.5,5.706799999999999,3.7068
623,6,9,37.51,38.0,5.736800000000001,2.7368
624,6,9,38.01,38.5,5.7668,2.7668
625,6,9,38.51,39.0,5.7968,3.7968
626,6,9,39.01,39.5,5.8268,2.8268
627,6,9,39.51,40.0,5.8568,2.8568000000000002
628,6,9,40.01,40.5,5.8868,3.8868
629,6,9,40.51,41.0,5.9168,2.9168000000000003
630,6,9,41.01,41.5,5.9468,1.9468
631,6,9,41.51,42.0,5.9768,1.9768
632,6,9,42.01,42.5,7.0068,3.0068
633,6,9,42.51,43.0,7.0367999999999995,2.0368
634,6,9,43.01,43.5,7.066800000000001,2.0668
635,6,9,43.51,44.0,7.0968,2.0968
636,6,9,44.01,44.5,7.1268,3.1268000000000002
637,6,9,44.51,45.0,7.1568000000000005,2.1568
638,6,9,45.01,45.5,7.1908,3.1908000000000003
639,6,9,45.51,46.0,7.2248,2.2248
640,6,9,46.01,46.5,7.258800000000001,3.2588000000000004
641,6,9,46.51,47.0,7.2928,2.2928
642,6,9,47.01,47.5,7.3268,2.3268
643,6,9,47.51,48.0,7.3608,2.3608000000000002
644,6,9,48.01,48.5,7.3948,3.3948
645,6,9,48.51,49.0,7.428800000000001,2.4288000000000007
646,6,9,49.01,49.5,7.4628,2.4628
647,6,9,49.51,50.0,7.4968,4.4968
648,6,9,50.01,50.5,7.530800000000001,3.5308000000000006
649,6,9,50.51,51.0,7.5648,2.5648
650,6,9,51.01,51.5,7.598800000000001,4.598800000000001
651,6,9,51.51,52.0,7.6328000000000005,4.6328000000000005
652,6,9,52.01,52.5,7.6668,2.6668000000000003
653,6,9,52.51,53.0,7.700800000000001,4.700800000000001
654,6,9,53.01,53.5,7.7348,2.7348000000000003
655,6,9,53.51,54.0,7.768800000000001,3.7688000000000006
656,6,9,54.01,54.5,7.8028,2.8028000000000004
657,6,9,54.51,55.0,7.8368,4.8368
658,6,9,55.01,55.5,7.870800000000001,2.8708000000000005
659,6,9,55.51,56.0,7.9048,3.9048000000000003
660,6,9,56.01,56.5,7.9388000000000005,2.9388000000000005
661,6,9,56.51,57.0,7.9728,3.9728000000000003
662,6,9,57.01,57.5,9.0068,6.0068
663,6,9,57.51,58.0,9.0408,4.040800000000001
664,6,9,58.01,58.5,9.0748,5.0748
665,6,9,58.51,59.0,9.1088,5.1088000000000005
666,6,9,59.01,59.5,9.142800000000001,3.1428000000000003
667,6,9,59.51,60.0,9.1768,6.1768
668,6,9,60.01,60.5,9.2108,3.2108000000000008
669,6,9,60.51,61.0,9.244800000000001,5.244800000000001
670,6,9,61.01,61.5,9.2788,6.2788
671,6,9,61.51,62.0,9.3128,2.3128
672,6,9,62.01,62.5,9.3468,3.3468
673,6,9,62.51,63.0,9.3808,2.3808000000000007
674,6,9,63.01,63.5,9.4148,2.4148000000000005
675,6,9,63.51,64.0,9.4488,6.4488
676,6,9,64.01,64.5,9.482800000000001,6.4828
677,6,9,64.51,65.0,9.5168,4.5168
678,6,9,65.01,65.5,9.5508,6.550800000000001
679,6,9,65.51,66.0,9.584800000000001,4.5848
680,6,9,66.01,66.5,9.6188,4.6188
681,6,9,66.51,67.0,9.6528,6.6528
682,6,9,67.01,67.5,9.6868,5.6868
683,6,9,67.51,68.0,9.7208,4.7208000000000006
684,6,9,68.01,68.5,9.7548,6.7548
685,6,9,68.51,69.0,9.7888,5.7888
686,6,9,69.01,69.5,9.8228,4.8228
687,6,9,69.51,70.0,9.8568,2.8568
688,6,9,70.01,70.5,9.8908,2.8908000000000005
689,6,9,70.51,71.0,9.924800000000001,4.9248
690,6,9,71.01,71.5,9.9588,6.9588
691,6,9,71.51,72.0,9.992799999999999,6.9928
692,6,9,72.01,72.5,11.0268,4.0268
693,6,9,72.51,73.0,11.0608,4.0608
694,6,9,73.01,73.5,11.0948,5.0948
695,6,9,73.51,74.0,11.1288,7.1288
696,6,9,74.01,74.5,11.1628,6.1628
697,6,9,74.51,75.0,11.1968,5.1968000000000005
698,6,9,75.01,99999.99,11.2216,0.096
699,6,9,0.0,0.5,1.4356,0.43560000000000004
700,6,9,0.51,1.0,1.4768,0.4768
701,6,9,1.01,1.5,1.5148,0.5147999999999999
702,6,9,1.51,2.0,1.5516,0.5516
703,6,9,2.01,2.5,1.5859999999999999,0.586
704,6,9,2.51,3.0,1.6204,0.6204
705,6,9,3.01,3.5,1.654,0.654
706,6,9,3.51,4.0,1.6884000000000001,0.6884
707,6,9,4.01,4.5,1.7227999999999999,0.7228
708,6,9,4.51,5.0,1.7568,0.7567999999999999
709,6,9,5.01,5.5,1.7872,0.7872
710,6,9,5.51,6.0,1.8176,0.8176000000000001
711,6,9,6.01,6.5,1.8479999999999999,0.848
712,6,9,6.51,7.0,1.8784,0.8784000000000001
713,6,9,7.01,7.5,1.9087999999999998,0.9087999999999999
714,6,9,7.51,8.0,1.9392,0.9392
715,6,9,8.01,8.5,1.9695999999999998,0.9695999999999999
716,6,9,8.51,9.0,2.0,1.0
717,6,9,9.01,9.5,3.0304,1.0304
718,6,9,9.51,10.0,3.0608,1.0608
719,6,9,10.01,10.5,3.0904,1.0903999999999998
720,6,9,10.51,11.0,3.12,1.12
721,6,9,11.01,11.5,3.1496,1.1496
722,6,9,11.51,12.0,3.1792,1.1792
723,6,9,12.01,12.5,3.2088,1.2087999999999999
724,6,9,12.51,13.0,3.2384,1.2384
725,6,9,13.01,13.5,3.268,1.268
726,6,9,13.51,14.0,3.2976,1.2976
727,6,9,14.01,14.5,3.3272,1.3272
728,6,9,14.51,15.0,3.3568,1.3568
729,6,9,15.01,15.5,3.3868,1.3868
730,6,9,15.51,16.0,3.4168000000000003,1.4168
731,6,9,16.01,16.5,3.4468,1.4468
732,6,9,16.51,17.0,3.4768,1.4768000000000001
733,6,9,17.01,17.5,3.5068,1.5068000000000001
734,6,9,17.51,18.0,3.5368000000000004,1.5368000000000002
735,6,9,18.01,18.5,3.5667999999999997,1.5668
736,6,9,18.51,19.0,3.5968,1.5968
737,6,9,19.01,19.5,3.6268000000000002,1.6268
738,6,9,19.51,20.0,3.6568,1.6568
739,6,9,20.01,20.5,3.6868,1.6868
740,6,9,20.51,21.0,3.7168,1.7168
741,6,9,21.01,21.5,3.7468000000000004,1.7468000000000001
742,6,9,21.51,22.0,3.7768,1.7768000000000002
743,6,9,22.01,22.5,3.8068,1.8068
744,6,9,22.51,23.0,3.8368,1.8368
745,6,9,23.01,23.5,3.8668,1.8668
746,6,9,23.51,24.0,3.8968,1.8968
747,6,9,24.01,24.5,3.9268,1.9268
748,6,9,24.51,25.0,3.9568000000000003,1.9568
749,6,9,25.01,25.5,3.9868,1.9868000000000001
750,6,9,25.51,26.0,5.0168,2.0168
751,6,9,26.01,26.5,5.0468,1.0468000000000002
752,6,9,26.51,27.0,5.0768,1.0768
753,6,9,27.01,27.5,5.1068,1.1068000000000002
754,6,9,27.51,28.0,5.1368,3.1368
755,6,9,28.01,28.5,5.1668,2.1668000000000003
756,6,9,28.51,29.0,5.1968,2.1968
757,6,9,29.01,29.5,5.2268,1.2268
758,6,9,29.51,30.0,5.2568,1.2568000000000001
759,6,9,30.01,30.5,5.2867999999999995,2.2868
760,6,9,30.51,31.0,5.316800000000001,3.3168
761,6,9,31.01,31.5,5.3468,3.3468
762,6,9,31.51,32.0,5.3768,3.3768000000000002
763,6,9,32.01,32.5,5.4068000000000005,3.4068
764,6,9,32.51,33.0,5.4368,2.4368
765,6,9,33.01,33.5,5.4668,1.4668
766,6,9,33.51,34.0,5.4968,1.4968
767,6,9,34.01,34.5,5.5268,2.5268
768,6,9,34.51,35.0,5.5568,2.5568
769,6,9,35.01,35.5,5.5868,3.5868
770,6,9,35.51,36.0,5.6168,1.6168
771,6,9,36.01,36.5,5.646800000000001,3.6468000000000003
772,6,9,36.51,37.0,5.6768,2.6768
773,6,9,37.01,37.5,5.706799999999999,3.7068
774,6,9,37.51,38.0,5.736800000000001,2.7368
775,6,9,38.01,38.5,5.7668,2.7668
776,6,9,38.51,39.0,5.7968,1.7968000000000002
777,6,9,39.01,39.5,5.8268,2.8268
778,6,9,39.51,40.0,5.8568,1.8568000000000002
779,6,9,40.01,40.5,5.8868,1.8868
780,6,9,40.51,41.0,5.9168,3.9168000000000003
781,6,9,41.01,41.5,5.9468,2.9468
782,6,9,41.51,42.0,5.9768,1.9768
783,6,9,42.01,42.5,7.0068,4.0068
784,6,9,42.51,43.0,7.0367999999999995,3.0368
785,6,9,43.01,43.5,7.066800000000001,2.0668
786,6,9,43.51,44.0,7.0968,2.0968
787,6,9,44.01,44.5,7.1268,2.1268000000000002
788,6,9,44.51,45.0,7.1568000000000005,4.1568000000000005
789,6,9,45.01,45.5,7.1908,2.1908000000000003
790,6,9,45.51,46.0,7.2248,4.2248
791,6,9,46.01,46.5,7.258800000000001,3.2588000000000004
792,6,9,46.51,47.0,7.2928,3.2928
793,6,9,47.01,47.5,7.3268,3.3268
794,6,9,47.51,48.0,7.3608,3.3608000000000002
795,6,9,48.01,48.5,7.3948,4.3948
796,6,9,48.51,49.0,7.428800000000001,2.4288000000000007
797,6,9,49.01,49.5,7.4628,2.4628
798,6,9,49.51,50.0,7.4968,4.4968
799,6,9,50.01,50.5,7.530800000000001,4.530800000000001
800,6,9,50.51,51.0,7.5648,4.5648
801,6,9,51.01,51.5,7.598800000000001,3.5988000000000007
802,6,9,51.51,52.0,7.6328000000000005,2.6328000000000005
803,6,9,52.01,52.5,7.6668,3.6668000000000003
804,6,9,52.51,53.0,7.700800000000001,4.700800000000001
805,6,9,53.01,53.5,7.7348,2.7348000000000003
806,6,9,53.51,54.0,7.768800000000001,2.7688000000000006
807,6,9,54.01,54.5,7.8028,4.8028
808,6,9,54.51,55.0,7.8368,4.8368
809,6,9,55.01,55.5,7.870800000000001,4.870800000000001
810,6,9,55.51,56.0,7.9048,4.9048
811,6,9,56.01,56.5,7.9388000000000005,2.9388000000000005
812,6,9,56.51,57.0,7.9728,2.9728000000000003
813,6,9,57.01,57.5,9.0068,4.0068
814,6,9,57.51,58.0,9.0408,2.040800000000001
815,6,9,58.01,58.5,9.0748,4.0748
816,6,9,58.51,59.0,9.1088,2.1088000000000005
817,6,9,59.01,59.5,9.142800000000001,2.1428000000000003
818,6,9,59.51,60.0,9.1768,6.1768
819,6,9,60.01,60.5,9.2108,2.2108000000000008
820,6,9,60.51,61.0,9.244800000000001,6.244800000000001
821,6,9,61.01,61.5,9.2788,3.2788000000000004
822,6,9,61.51,62.0,9.3128,5.3128
823,6,9,62.01,62.5,9.3468,6.3468
824,6,9,62.51,63.0,9.3808,3.3808000000000007
825,6,9,63.01,63.5,9.4148,4.4148000000000005
826,6,9,63.51,64.0,9.4488,5.4488
827,6,9,64.01,64.5,9.482800000000001,4.4828
828,6,9,64.51,65.0,9.5168,4.5168
829,6,9,65.01,65.5,9.5508,6.550800000000001
830,6,9,65.51,66.0,9.584800000000001,5.5848
831,6,9,66.01,66.5,9.6188,2.6188000000000002
832,6,9,66.51,67.0,9.6528,3.6528
833,6,9,67.01,67.5,9.6868,2.6868
834,6,9,67.51,68.0,9.7208,5.7208000000000006
835,6,9,68.01,68.5,9.7548,5.7548
836,6,9,68.51,69.0,9.7888,6.7888
837,6,9,69.01,69.5,9.8228,6.8228
838,6,9,69.51,70.0,9.8568,5.8568
839,6,9,70.01,70.5,9.8908,2.8908000000000005
840,6,9,70.51,71.0,9.924800000000001,3.9248000000000003
841,6,9,71.01,71.5,9.9588,3.9588
842,6,9,71.51,72.0,9.992799999999999,6.9928
843,6,9,72.01,72.5,11.0268,4.0268
844,6,9,72.51,73.0,11.0608,3.0608000000000004
845,6,9,73.01,73.5,11.0948,7.0948
846,6,9,73.51,74.0,11.1288,6.1288
847,6,9,74.01,74.5,11.1628,7.1628
848,6,9,74.51,75.0,11.1968,4.1968000000000005
849,6,9,75.01,99999.99,11.2216,0.096
850,9,9,500.0,1999.99,25.584000000000003,0.053200000000000004
851,9,9,100.0,249.99,25.584000000000003,0.053200000000000004
852,9,9,0.0,99.99,25.584000000000003,0.053200000000000004
853,9,9,2000.0,99999.99,25.584000000000003,0.053200000000000004
854,9,9,250.0,499.99,25.584000000000003,0.053200000000000004
855,11,9,100.0,249.99,17.483600000000003,0.17679999999999998
856,11,9,500.0,1999.99,17.483600000000003,0.17679999999999998
857,11,9,250.0,499.99,17.483600000000003,0.17679999999999998
858,11,9,0.0,99.99,17.483600000000003,0.17679999999999998
859,11,9,2000.0,99999.99,17.483600000000003,0.17679999999999998
860,4,9,500.0,1999.99,3.4552,0.054400000000000004
861,4,9,0.0,99.99,3.4552,0.0824
862,4,9,250.0,499.99,3.4552,0.054400000000000004
863,4,9,2000.0,99999.99,3.4552,0.054400000000000004
864,4,9,100.0,249.99,3.4552,0.056400000000000006
865,4,9,2000.0,99999.99,1.4992,0.0424
866,4,9,100.0,249.99,1.4992,0.0424
867,4,9,250.0,499.99,1.4992,0.0424
868,4,9,500.0,1999.99,1.4992,0.0424
869,4,9,0.0,99.99,1.4992,0.0484
870,4,9,2000.0,99999.99,29.8812,0.15560000000000002
871,4,9,100.0,249.99,29.8812,0.15560000000000002
872,4,9,0.0,99.99,29.8812,0.15560000000000002
873,4,9,250.0,499.99,29.8812,0.15560000000000002
874,4,9,500.0,1999.99,29.8812,0.15560000000000002
875,4,9,0.01,0.5,1.202,0.20199999999999999
876,4,9,0.51,1.0,1.2604,0.26039999999999996
877,4,9,1.01,1.5,1.3192,0.3192
878,4,9,1.51,2.0,1.3804,0.3804
879,4,9,2.01,2.5,1.4416,0.4416
880,4,9,70.51,99.99,9.0884,0.08439999999999999
881,4,9,100.0,299.99,11.6272,0.0832
882,4,9,300.0,499.99,33.227199999999996,0.08120000000000001
883,4,9,500.0,999.99,53.4272,0.08
884,4,9,1000.0,9999.99,101.8272,0.07800000000000001
885,4,9,0.01,0.5,1.4264000000000001,0.4264
886,4,9,0.51,1.0,1.4396,0.4396
887,4,9,1.01,1.5,1.4824,0.4824
888,4,9,1.51,2.0,1.5252,0.5252
889,4,9,2.01,2.5,1.568,0.568
890,4,9,70.51,99.99,7.804400000000001,0.08040000000000001
891,4,9,100.0,299.99,11.2272,0.07919999999999999
892,4,9,300.0,499.99,31.267200000000003,0.07800000000000001
893,4,9,500.0,999.99,49.4272,0.076
894,4,9,1000.0,9999.99,95.22720000000001,0.0744
895,2,9,100.0,249.99,25.3328,0.1076
896,2,9,2000.0,99999.99,25.3328,0.1076
897,2,9,500.0,1999.99,25.3328,0.1076
898,2,9,250.0,499.99,25.3328,0.1076
899,2,9,0.0,99.99,25.3328,0.1076
900,2,9,0.0,99.99,7.187200000000001,0.08560000000000001
901,2,9,100.0,249.99,7.187200000000001,0.07200000000000001
902,2,9,250.0,499.99,7.187200000000001,0.07200000000000001
903,2,9,2000.0,99999.99,7.187200000000001,0.07200000000000001
904,2,9,500.0,1999.99,7.187200000000001,0.07200000000000001
905,2,9,2000.0,99999.99,5.3872,0.05720000000000001
906,2,9,0.0,99.99,5.3872,0.0708
907,2,9,100.0,249.99,5.3872,0.05720000000000001
908,2,9,500.0,1999.99,5.027200000000001,0.0592
909,2,9,2000.0,99999.99,5.027200000000001,0.0592
910,2,9,0.0,99.99,1.7872,0.07279999999999999
911,2,9,250.0,499.99,5.3872,0.05720000000000001
912,2,9,250.0,499.99,5.027200000000001,0.0592
913,2,9,500.0,1999.99,1.7872,0.0592
914,2,9,100.0,249.99,1.7872,0.0592
915,2,9,250.0,499.99,1.7872,0.0592
916,2,9,100.0,249.99,5.027200000000001,0.0592
917,2,9,2000.0,99999.99,1.7872,0.0592
918,2,9,500.0,1999.99,5.3872,0.05720000000000001
919,2,9,0.0,99.99,5.027200000000001,0.07640000000000001
920,5,9,0.0,99.99,11.6072,0.1616
921,5,9,100.0,249.99,11.6072,0.1096
922,5,9,2000.0,99999.99,11.6072,0.09359999999999999
923,5,9,500.0,1999.99,11.6072,0.0964
924,5,9,250.0,499.99,11.6072,0.0984
925,5,9,500.0,1999.99,7.0072,0.07640000000000001
926,5,9,0.0,99.99,7.0072,0.1416
927,5,9,250.0,499.99,7.0072,0.08040000000000001
928,5,9,2000.0,99999.99,7.0072,0.0744
929,5,9,100.0,249.99,7.0072,0.08560000000000001
930,5,9,0.01,0.5,1.73996,0.73996
931,5,9,0.51,1.0,1.827304,0.827304
932,5,9,1.01,1.5,1.901464,0.901464
933,5,9,1.51,2.0,1.980156,0.9801559999999999
934,5,9,2.01,2.5,3.056376,1.056376
935,5,9,20.51,44.99,7.0813559999999995,0.172636
936,5,9,45.0,70.99,11.589200000000002,0.1508
937,5,9,71.0,99.99,17.130004,0.141324
938,5,9,100.0,299.99,21.5744,0.132672
939,5,9,300.0,499.99,63.6688,0.132672
940,5,9,500.0,999.99,105.76320000000001,0.132672
941,5,9,1000.0,9999.99,211.4992,0.132672
942,5,9,0.01,0.5,1.734604,0.7346039999999999
943,5,9,0.51,1.0,1.823184,0.8231839999999999
944,5,9,1.01,1.5,1.911764,0.911764
945,5,9,1.51,2.0,3.000344,1.0003440000000001
946,5,9,2.01,2.5,3.088924,1.088924
947,5,9,20.51,44.99,5.8304480000000005,0.160688
948,5,9,45.0,70.99,11.14424,0.140912
949,5,9,71.0,99.99,15.486460000000001,0.13226000000000002
950,5,9,100.0,299.99,19.709200000000003,0.12402
951,5,9,300.0,499.99,59.0732,0.12402
952,5,9,500.0,999.99,97.4372,0.12402
953,5,9,1000.0,9999.99,193.8472,0.12402
954,3,9,0.0,5000.0,425.0272,128.02720000000002
955,3,9,250.0,499.99,27.563200000000002,0.3472
956,3,9,2000.0,99999.99,27.563200000000002,0.2692
957,3,9,0.0,99.99,27.563200000000002,0.3472
958,3,9,100.0,249.99,27.563200000000002,0.3472
959,3,9,500.0,1999.99,27.563200000000002,0.2692
960,6,9,2000.0,99999.99,25.4672,0.2884
961,6,9,100.0,249.99,25.4672,0.2884
962,6,9,250.0,499.99,25.4672,0.2884
963,6,9,500.0,1999.99,25.4672,0.2884
964,6,9,0.0,99.99,25.4672,0.3104
965,6,9,2000.0,99999.99,19.6672,0.2756
966,6,9,250.0,499.99,19.6672,0.2756
967,6,9,500.0,1999.99,19.6672,0.2756
968,6,9,0.0,99.99,19.6672,0.2976
969,6,9,100.0,249.99,19.6672,0.2756
970,9,9,0.0,5000.0,31.278399999999998,21.278399999999998
971,4,9,0.0,0.5,1.396,0.396
972,4,9,0.51,1.0,1.4447999999999999,0.4448
973,4,9,1.01,1.5,1.4928,0.4928
974,4,9,1.51,2.0,1.5415999999999999,0.5416
975,4,9,2.01,2.5,1.5899999999999999,0.59
976,4,9,2.51,3.0,1.6383999999999999,0.6384
977,4,9,3.01,3.5,1.6872,0.6872
978,4,9,3.51,4.0,1.7356,0.7356
979,4,9,4.01,4.5,1.784,0.784
980,4,9,4.51,5.0,1.832,0.8320000000000001
981,4,9,5.01,5.5,1.8476,0.8476
982,4,9,5.51,6.0,1.8632,0.8632
983,4,9,6.01,6.5,1.8788,0.8787999999999999
984,4,9,6.51,7.0,1.8944,0.8944
985,4,9,7.01,7.5,1.9100000000000001,0.91
986,4,9,7.51,8.0,1.9256,0.9256
987,4,9,8.01,8.5,1.9412,0.9412
988,4,9,8.51,9.0,1.9567999999999999,0.9567999999999999
989,4,9,9.01,9.5,1.9724,0.9723999999999999
990,4,9,9.51,10.0,1.988,0.988
991,4,9,10.01,10.5,1.9948000000000001,0.9948
992,4,9,10.51,11.0,3.0016,1.0016
993,4,9,11.01,11.5,3.0084,1.0084
994,4,9,11.51,12.0,3.0152,1.0151999999999999
995,4,9,12.01,12.5,3.0220000000000002,1.022
996,4,9,12.51,13.0,3.0288,1.0288
997,4,9,13.01,13.5,3.0356,1.0356
998,4,9,13.51,14.0,3.0423999999999998,1.0424
999,4,9,14.01,14.5,3.0492,1.0492
1000,4,9,14.51,15.0,3.056,1.056
1001,4,9,15.01,15.5,3.0700000000000003,1.07
1002,4,9,15.51,16.0,3.084,1.084
1003,4,9,16.01,16.5,3.098,1.0979999999999999
1004,4,9,16.51,17.0,3.112,1.112
1005,4,9,17.01,17.5,3.126,1.126
1006,4,9,17.51,18.0,3.1399999999999997,1.14
1007,4,9,18.01,18.5,3.154,1.1540000000000001
1008,4,9,18.51,19.0,3.168,1.168
1009,4,9,19.01,19.5,3.182,1.182
1010,4,9,19.51,20.0,3.1959999999999997,1.196
1011,4,9,20.01,20.5,3.21,1.21
1012,4,9,20.51,21.0,3.224,1.224
1013,4,9,21.01,21.5,3.238,1.238
1014,4,9,21.51,22.0,3.252,1.252
1015,4,9,22.01,22.5,3.266,1.266
1016,4,9,22.51,23.0,3.2800000000000002,1.28
1017,4,9,23.01,23.5,3.294,1.294
1018,4,9,23.51,24.0,3.308,1.308
1019,4,9,24.01,24.5,3.322,1.3219999999999998
1020,4,9,24.51,25.0,3.336,1.3359999999999999
1021,4,9,25.01,25.5,3.3848,1.3847999999999998
1022,4,9,25.51,26.0,3.4335999999999998,1.4335999999999998
1023,4,9,26.01,26.5,3.4824,1.4824000000000002
1024,4,9,26.51,27.0,3.5312,1.5312000000000001
1025,4,9,27.01,27.5,3.58,1.58
1026,4,9,27.51,28.0,3.6288,1.6288
1027,4,9,28.01,28.5,3.6776,1.6776
1028,4,9,28.51,29.0,3.7264,1.7264
1029,4,9,29.01,29.5,3.7752,1.7752000000000001
1030,4,9,29.51,30.0,3.824,1.824
1031,4,9,30.01,30.5,3.8728,1.8728
1032,4,9,30.51,31.0,3.9215999999999998,1.9216
1033,4,9,31.01,31.5,3.9703999999999997,1.9704
1034,4,9,31.51,32.0,5.0192,1.0191999999999997
1035,4,9,32.01,32.5,5.068,3.068
1036,4,9,32.51,33.0,5.1168,2.1168
1037,4,9,33.01,33.5,5.1655999999999995,3.1656
1038,4,9,33.51,34.0,5.2143999999999995,3.2144
1039,4,9,34.01,34.5,5.263199999999999,2.2632
1040,4,9,34.51,35.0,5.311999999999999,1.3119999999999998
1041,4,9,35.01,35.5,5.3608,3.3608000000000002
1042,4,9,35.51,36.0,5.4096,1.4096000000000002
1043,4,9,36.01,36.5,5.4584,2.4584
1044,4,9,36.51,37.0,5.5072,1.5072
1045,4,9,37.01,37.5,5.556,2.556
1046,4,9,37.51,38.0,5.6048,3.6048
1047,4,9,38.01,38.5,5.6536,1.6536
1048,4,9,38.51,39.0,5.7024,2.7024
1049,4,9,39.01,39.5,5.7512,2.7512
1050,4,9,39.51,40.0,5.8,3.8
1051,4,9,40.01,40.5,5.848800000000001,3.8488000000000007
1052,4,9,40.51,41.0,5.897600000000001,1.8976000000000006
1053,4,9,41.01,41.5,5.946400000000001,1.9464000000000006
1054,4,9,41.51,42.0,5.9952000000000005,1.9952000000000005
1055,4,9,42.01,42.5,7.0440000000000005,4.0440000000000005
1056,4,9,42.51,43.0,7.0928,2.0928000000000004
1057,4,9,43.01,43.5,7.1416,3.1416000000000004
1058,4,9,43.51,44.0,7.1904,4.1904
1059,4,9,44.01,44.5,7.2392,4.2392
1060,4,9,44.51,45.0,7.288,2.2880000000000003
1061,4,9,45.01,45.5,7.3276,3.3276000000000003
1062,4,9,45.51,46.0,7.3672,3.3672000000000004
1063,4,9,46.01,46.5,7.4068000000000005,4.4068000000000005
1064,4,9,46.51,47.0,7.446400000000001,3.4464000000000006
1065,4,9,47.01,47.5,7.486000000000001,4.486000000000001
1066,4,9,47.51,48.0,7.5256,4.5256
1067,4,9,48.01,48.5,7.565200000000001,2.5652000000000004
1068,4,9,48.51,49.0,7.6048,3.6048
1069,4,9,49.01,49.5,7.644400000000001,2.6444000000000005
1070,4,9,49.51,50.0,7.684,4.684
1071,4,9,50.01,50.5,7.7236,4.7236
1072,4,9,50.51,51.0,7.7632,3.7632000000000003
1073,4,9,51.01,51.5,7.8028,4.8028
1074,4,9,51.51,52.0,7.8424,4.8424
1075,4,9,52.01,52.5,7.882000000000001,4.882000000000001
1076,4,9,52.51,53.0,7.9216,2.9216
1077,4,9,53.01,53.5,7.9612,4.9612
1078,4,9,53.51,54.0,9.000800000000002,5.000800000000001
1079,4,9,54.01,54.5,9.0404,3.0404
1080,4,9,54.51,55.0,9.08,6.08
1081,4,9,55.01,55.5,9.1196,5.1196
1082,4,9,55.51,56.0,9.1592,2.1592000000000002
1083,4,9,56.01,56.5,9.1988,6.1988
1084,4,9,56.51,57.0,9.2384,6.2384
1085,4,9,57.01,57.5,9.278,6.2780000000000005
1086,4,9,57.51,58.0,9.3176,3.3176000000000005
1087,4,9,58.01,58.5,9.3572,4.357200000000001
1088,4,9,58.51,59.0,9.396799999999999,5.3968
1089,4,9,59.01,59.5,9.4364,5.436400000000001
1090,4,9,59.51,60.0,9.475999999999999,5.476
1091,4,9,60.01,60.5,9.5156,6.5156
1092,4,9,60.51,61.0,9.5552,6.5552
1093,4,9,61.01,61.5,9.5948,6.5948
1094,4,9,61.51,62.0,9.6344,5.6344
1095,4,9,62.01,62.5,9.674,5.674
1096,4,9,62.51,63.0,9.7136,4.7136000000000005
1097,4,9,63.01,63.5,9.7532,3.7532000000000005
1098,4,9,63.51,64.0,9.7928,4.792800000000001
1099,4,9,64.01,64.5,9.8324,2.8324
1100,4,9,64.51,65.0,9.872,3.8720000000000008
1101,4,9,65.01,65.5,9.9116,5.9116
1102,4,9,65.51,66.0,9.9512,2.9512
1103,4,9,66.01,66.5,9.9908,2.9908
1104,4,9,66.51,67.0,11.0304,4.0304
1105,4,9,67.01,67.5,11.07,6.07
1106,4,9,67.51,68.0,11.1096,6.1096
1107,4,9,68.01,68.5,11.1492,7.1492
1108,4,9,68.51,69.0,11.1888,5.1888
1109,4,9,69.01,69.5,11.2284,7.228400000000001
1110,4,9,69.51,70.0,11.268,4.268000000000001
1111,4,9,70.01,70.5,11.3076,6.3076
1112,4,9,70.51,71.0,11.3472,4.3472
1113,4,9,71.01,71.5,11.386800000000001,3.386800000000001
1114,4,9,71.51,72.0,11.426400000000001,4.4264
1115,4,9,72.01,72.5,11.466000000000001,4.466
1116,4,9,72.51,73.0,11.505600000000001,7.5056
1117,4,9,73.01,73.5,11.5452,4.5451999999999995
1118,4,9,73.51,74.0,11.584800000000001,6.5848
1119,4,9,74.01,74.5,11.624400000000001,7.6244000000000005
1120,4,9,74.51,75.0,11.664,7.664
1121,4,9,75.01,99999.99,11.7048,0.1024
1122,4,9,0.01,0.5,1.202,0.20199999999999999
1123,4,9,0.51,1.0,1.2604,0.26039999999999996
1124,4,9,1.01,1.5,1.3192,0.3192
1125,4,9,1.51,2.0,1.3804,0.3804
1126,4,9,2.01,2.5,1.4416,0.4416
1127,4,9,70.51,99.99,9.0884,0.08439999999999999
1128,4,9,100.0,299.99,11.6272,0.0832
1129,4,9,300.0,499.99,33.227199999999996,0.08120000000000001
1130,4,9,500.0,999.99,53.4272,0.08
1131,4,9,1000.0,9999.99,101.8272,0.07800000000000001
1132,4,9,0.01,0.5,1.4264000000000001,0.4264
1133,4,9,0.51,1.0,1.4396,0.4396
1134,4,9,1.01,1.5,1.4824,0.4824
1135,4,9,1.51,2.0,1.5252,0.5252
1136,4,9,2.01,2.5,1.568,0.568
1137,4,9,70.51,99.99,7.804400000000001,0.08040000000000001
1138,4,9,100.0,299.99,11.2272,0.07919999999999999
1139,4,9,300.0,499.99,31.267200000000003,0.07800000000000001
1140,4,9,500.0,999.99,49.4272,0.076
1141,4,9,1000.0,9999.99,95.22720000000001,0.0744
1142,2,9,300.0,499.99,33.467200000000005,0.08200000000000002
1143,2,9,500.0,999.99,55.4272,0.08200000000000002
1144,2,9,1000.0,9999.99,109.8272,0.08200000000000002
1145,2,9,300.0,499.99,35.6672,0.086
1146,2,9,500.0,999.99,59.4272,0.086
1147,2,9,1000.0,9999.99,117.8272,0.086
1148,2,9,100.0,299.99,11.987200000000001,0.0868
1149,2,9,70.51,99.99,9.4292,0.0892
1150,2,9,100.0,299.99,13.3872,0.0908
1151,2,9,70.51,99.99,9.7416,0.09359999999999999
1152,2,9,0.01,0.5,1.43,0.43
1153,2,9,0.51,1.0,1.43,0.43
1154,2,9,0.01,0.5,1.4512,0.4512
1155,2,9,0.51,1.0,1.4512,0.4512
1156,2,9,1.01,1.5,1.4512,0.4512
1157,2,9,1.51,2.0,1.4512,0.4512
1158,2,9,2.01,2.5,1.4512,0.4512
1159,2,9,1.01,1.5,1.5219999999999998,0.5219999999999999
1160,2,9,1.51,2.0,1.6139999999999999,0.614
1161,2,9,2.01,2.5,1.7064,0.7064
1162,2,9,75.01,99999.99,11.2216,0.096
1163,2,9,0.0,0.5,1.4356,0.43560000000000004
1164,2,9,0.51,1.0,1.4768,0.4768
1165,2,9,1.01,1.5,1.5148,0.5147999999999999
1166,2,9,1.51,2.0,1.5516,0.5516
1167,2,9,2.01,2.5,1.5859999999999999,0.586
1168,2,9,2.51,3.0,1.6204,0.6204
1169,2,9,3.01,3.5,1.654,0.654
1170,2,9,3.51,4.0,1.6884000000000001,0.6884
1171,2,9,4.01,4.5,1.7227999999999999,0.7228
1172,2,9,4.51,5.0,1.7568,0.7567999999999999
1173,2,9,5.01,5.5,1.7872,0.7872
1174,2,9,5.51,6.0,1.8176,0.8176000000000001
1175,2,9,6.01,6.5,1.8479999999999999,0.848
1176,2,9,6.51,7.0,1.8784,0.8784000000000001
1177,2,9,7.01,7.5,1.9087999999999998,0.9087999999999999
1178,2,9,7.51,8.0,1.9392,0.9392
1179,2,9,8.01,8.5,1.9695999999999998,0.9695999999999999
1180,2,9,8.51,9.0,2.0,1.0
1181,2,9,25.51,26.0,5.0168,1.0168
1182,2,9,9.01,9.5,3.0304,1.0304
1183,2,9,9.51,10.0,3.0608,1.0608
1184,2,9,10.01,10.5,3.0904,1.0903999999999998
1185,2,9,10.51,11.0,3.12,1.12
1186,2,9,27.51,28.0,5.1368,2.1368
1187,2,9,11.01,11.5,3.1496,1.1496
1188,2,9,11.51,12.0,3.1792,1.1792
1189,2,9,28.51,29.0,5.1968,3.1968
1190,2,9,12.01,12.5,3.2088,1.2087999999999999
1191,2,9,12.51,13.0,3.2384,1.2384
1192,2,9,13.01,13.5,3.268,1.268
1193,2,9,30.01,30.5,5.2867999999999995,3.2868
1194,2,9,13.51,14.0,3.2976,1.2976
1195,2,9,30.51,31.0,5.316800000000001,1.3168000000000002
1196,2,9,14.01,14.5,3.3272,1.3272
1197,2,9,31.01,31.5,5.3468,1.3468
1198,2,9,14.51,15.0,3.3568,1.3568
1199,2,9,15.01,15.5,3.3868,1.3868
1200,2,9,15.51,16.0,3.4168000000000003,1.4168
1201,2,9,32.51,33.0,5.4368,1.4367999999999999
1202,2,9,16.01,16.5,3.4468,1.4468
1203,2,9,33.01,33.5,5.4668,3.4668
1204,2,9,16.51,17.0,3.4768,1.4768000000000001
1205,2,9,17.01,17.5,3.5068,1.5068000000000001
1206,2,9,17.51,18.0,3.5368000000000004,1.5368000000000002
1207,2,9,34.51,35.0,5.5568,3.5568
1208,2,9,18.01,18.5,3.5667999999999997,1.5668
1209,2,9,18.51,19.0,3.5968,1.5968
1210,2,9,35.51,36.0,5.6168,2.6168
1211,2,9,19.01,19.5,3.6268000000000002,1.6268
1212,2,9,19.51,20.0,3.6568,1.6568
1213,2,9,36.51,37.0,5.6768,1.6768
1214,2,9,20.01,20.5,3.6868,1.6868
1215,2,9,20.51,21.0,3.7168,1.7168
1216,2,9,37.51,38.0,5.736800000000001,3.7368
1217,2,9,21.01,21.5,3.7468000000000004,1.7468000000000001
1218,2,9,21.51,22.0,3.7768,1.7768000000000002
1219,2,9,22.01,22.5,3.8068,1.8068
1220,2,9,22.51,23.0,3.8368,1.8368
1221,2,9,23.01,23.5,3.8668,1.8668
1222,2,9,23.51,24.0,3.8968,1.8968
1223,2,9,24.01,24.5,3.9268,1.9268
1224,2,9,24.51,25.0,3.9568000000000003,1.9568
1225,2,9,41.51,42.0,5.9768,1.9768
1226,2,9,25.01,25.5,3.9868,1.9868000000000001
1227,2,9,43.51,44.0,7.0968,2.0968
1228,2,9,27.01,27.5,5.1068,3.1068000000000002
1229,2,9,59.51,60.0,9.1768,5.1768
1230,2,9,29.01,29.5,5.2268,3.2268
1231,2,9,31.51,32.0,5.3768,2.3768000000000002
1232,2,9,48.01,48.5,7.3948,2.3948
1233,2,9,32.01,32.5,5.4068000000000005,1.4068
1234,2,9,33.51,34.0,5.4968,2.4968
1235,2,9,64.51,65.0,9.5168,2.5168
1236,2,9,35.01,35.5,5.5868,3.5868
1237,2,9,51.01,51.5,7.598800000000001,3.5988000000000007
1238,2,9,66.01,66.5,9.6188,2.6188000000000002
1239,2,9,36.01,36.5,5.646800000000001,3.6468000000000003
1240,2,9,52.01,52.5,7.6668,2.6668000000000003
1241,2,9,37.01,37.5,5.706799999999999,2.7068
1242,2,9,38.01,38.5,5.7668,1.7668
1243,2,9,38.51,39.0,5.7968,1.7968000000000002
1244,2,9,39.01,39.5,5.8268,3.8268
1245,2,9,40.01,40.5,5.8868,2.8868
1246,2,9,70.01,70.5,9.8908,4.8908000000000005
1247,2,9,71.01,71.5,9.9588,5.9588
1248,2,9,42.01,42.5,7.0068,3.0068
1249,2,9,42.51,43.0,7.0367999999999995,3.0368
1250,2,9,57.51,58.0,9.0408,3.040800000000001
1251,2,9,26.01,26.5,5.0468,3.0468
1252,2,9,26.51,27.0,5.0768,3.0768
1253,2,9,59.01,59.5,9.142800000000001,6.1428
1254,2,9,44.51,45.0,7.1568000000000005,4.1568000000000005
1255,2,9,28.01,28.5,5.1668,2.1668000000000003
1256,2,9,29.51,30.0,5.2568,2.2568
1257,2,9,61.01,61.5,9.2788,6.2788
1258,2,9,46.51,47.0,7.2928,3.2928
1259,2,9,61.51,62.0,9.3128,4.3128
1260,2,9,47.01,47.5,7.3268,4.3268
1261,2,9,47.51,48.0,7.3608,2.3608000000000002
1262,2,9,49.01,49.5,7.4628,3.4628
1263,2,9,34.01,34.5,5.5268,1.5268000000000002
1264,2,9,50.01,50.5,7.530800000000001,2.5308000000000006
1265,2,9,51.51,52.0,7.6328000000000005,4.6328000000000005
1266,2,9,53.51,54.0,7.768800000000001,3.7688000000000006
1267,2,9,68.51,69.0,9.7888,2.7888
1268,2,9,54.01,54.5,7.8028,4.8028
1269,2,9,69.01,69.5,9.8228,5.8228
1270,2,9,39.51,40.0,5.8568,2.8568000000000002
1271,2,9,55.01,55.5,7.870800000000001,3.8708000000000005
1272,2,9,55.51,56.0,7.9048,2.9048000000000003
1273,2,9,40.51,41.0,5.9168,1.9168000000000003
1274,2,9,56.01,56.5,7.9388000000000005,3.9388000000000005
1275,2,9,41.01,41.5,5.9468,2.9468
1276,2,9,56.51,57.0,7.9728,4.9728
1277,2,9,71.51,72.0,9.992799999999999,2.9928
1278,2,9,57.01,57.5,9.0068,5.0068
1279,2,9,72.01,72.5,11.0268,6.0268
1280,2,9,72.51,73.0,11.0608,7.0608
1281,2,9,43.01,43.5,7.066800000000001,3.0668
1282,2,9,44.01,44.5,7.1268,4.1268
1283,2,9,74.01,74.5,11.1628,6.1628
1284,2,9,45.01,45.5,7.1908,4.1908
1285,2,9,60.01,60.5,9.2108,6.210800000000001
1286,2,9,45.51,46.0,7.2248,4.2248
1287,2,9,60.51,61.0,9.244800000000001,4.244800000000001
1288,2,9,46.01,46.5,7.258800000000001,3.2588000000000004
1289,2,9,62.51,63.0,9.3808,5.380800000000001
1290,2,9,48.51,49.0,7.428800000000001,2.4288000000000007
1291,2,9,64.01,64.5,9.482800000000001,4.4828
1292,2,9,49.51,50.0,7.4968,3.4968
1293,2,9,65.01,65.5,9.5508,5.550800000000001
1294,2,9,50.51,51.0,7.5648,3.5648
1295,2,9,65.51,66.0,9.584800000000001,3.5848000000000004
1296,2,9,52.51,53.0,7.700800000000001,4.700800000000001
1297,2,9,53.01,53.5,7.7348,2.7348000000000003
1298,2,9,54.51,55.0,7.8368,2.8368
1299,2,9,63.01,63.5,9.4148,3.4148000000000005
1300,2,9,63.51,64.0,9.4488,6.4488
1301,2,9,66.51,67.0,9.6528,3.6528
1302,2,9,67.01,67.5,9.6868,3.6868
1303,2,9,67.51,68.0,9.7208,3.7208000000000006
1304,2,9,68.01,68.5,9.7548,4.7548
1305,2,9,70.51,71.0,9.924800000000001,2.9248000000000003
1306,2,9,58.01,58.5,9.0748,2.0747999999999998
1307,2,9,58.51,59.0,9.1088,3.1088000000000005
1308,2,9,73.51,74.0,11.1288,4.1288
1309,2,9,62.01,62.5,9.3468,4.3468
1310,2,9,69.51,70.0,9.8568,6.8568
1311,2,9,73.01,73.5,11.0948,4.0948
1312,2,9,74.51,75.0,11.1968,3.1968000000000005
1313,5,9,0.01,0.5,1.73996,0.73996
1314,5,9,0.51,1.0,1.827304,0.827304
1315,5,9,1.01,1.5,1.901464,0.901464
1316,5,9,1.51,2.0,1.980156,0.9801559999999999
1317,5,9,2.01,2.5,3.056376,1.056376
1318,5,9,20.51,44.99,7.0813559999999995,0.172636
1319,5,9,45.0,70.99,11.589200000000002,0.1508
1320,5,9,71.0,99.99,17.130004,0.141324
1321,5,9,100.0,299.99,21.5744,0.132672
1322,5,9,300.0,499.99,63.6688,0.132672
1323,5,9,500.0,999.99,105.76320000000001,0.132672
1324,5,9,1000.0,9999.99,211.4992,0.132672
1325,5,9,0.01,0.5,1.734604,0.7346039999999999
1326,5,9,0.51,1.0,1.823184,0.8231839999999999
1327,5,9,1.01,1.5,1.911764,0.911764
1328,5,9,1.51,2.0,3.000344,1.0003440000000001
1329,5,9,2.01,2.5,3.088924,1.088924
1330,5,9,20.51,44.99,5.8304480000000005,0.160688
1331,5,9,45.0,70.99,11.14424,0.140912
1332,5,9,71.0,99.99,15.486460000000001,0.13226000000000002
1333,5,9,100.0,299.99,19.709200000000003,0.12402
1334,5,9,300.0,499.99,59.0732,0.12402
1335,5,9,500.0,999.99,97.4372,0.12402
1336,5,9,1000.0,9999.99,193.8472,0.12402
1337,5,9,0.0,0.5,1.5584,0.5584
1338,5,9,0.51,1.0,1.6288,0.6287999999999999
1339,5,9,1.01,1.5,1.6987999999999999,0.6988
1340,5,9,1.51,2.0,1.7692,0.7692
1341,5,9,2.01,2.5,1.8392,0.8392000000000001
1342,5,9,2.51,3.0,1.9092,0.9092
1343,5,9,3.01,3.5,1.9796,0.9795999999999999
1344,5,9,3.51,4.0,3.0496,1.0495999999999999
1345,5,9,4.01,4.5,3.1196,1.1196
1346,5,9,4.51,5.0,3.1896,1.1896
1347,5,9,5.01,5.5,3.2116,1.2116
1348,5,9,5.51,6.0,3.2336,1.2336
1349,5,9,6.01,6.5,3.2556000000000003,1.2556
1350,5,9,6.51,7.0,3.2776,1.2776
1351,5,9,7.01,7.5,3.2996,1.2996
1352,5,9,7.51,8.0,3.3216,1.3215999999999999
1353,5,9,8.01,8.5,3.3436,1.3436
1354,5,9,8.51,9.0,3.3655999999999997,1.3656
1355,5,9,9.01,9.5,3.3876,1.3876
1356,5,9,9.51,10.0,3.4096,1.4096000000000002
1357,5,9,10.01,10.5,3.4192,1.4191999999999998
1358,5,9,10.51,11.0,3.4288,1.4287999999999998
1359,5,9,11.01,11.5,3.4384,1.4384000000000001
1360,5,9,11.51,12.0,3.4480000000000004,1.4480000000000002
1361,5,9,12.01,12.5,3.4576000000000002,1.4576
1362,5,9,12.51,13.0,3.4672,1.4672
1363,5,9,13.01,13.5,3.4768,1.4768000000000001
1364,5,9,13.51,14.0,3.4863999999999997,1.4864
1365,5,9,14.01,14.5,3.496,1.496
1366,5,9,14.51,15.0,3.5056000000000003,1.5056
1367,5,9,15.01,15.5,3.5256,1.5256
1368,5,9,15.51,16.0,3.5456000000000003,1.5456
1369,5,9,16.01,16.5,3.5656,1.5656
1370,5,9,16.51,17.0,3.5856000000000003,1.5856000000000001
1371,5,9,17.01,17.5,3.6056,1.6056
1372,5,9,17.51,18.0,3.6256,1.6256
1373,5,9,18.01,18.5,3.6456,1.6456
1374,5,9,18.51,19.0,3.6656,1.6656
1375,5,9,19.01,19.5,3.6856,1.6856
1376,5,9,19.51,20.0,3.7056,1.7056
1377,5,9,20.01,20.5,3.7256,1.7256
1378,5,9,20.51,21.0,3.7456,1.7456
1379,5,9,21.01,21.5,3.7656,1.7656
1380,5,9,21.51,22.0,3.7856,1.7856
1381,5,9,22.01,22.5,3.8056,1.8056
1382,5,9,22.51,23.0,3.8256,1.8256000000000001
1383,5,9,23.01,23.5,3.8456,1.8456000000000001
1384,5,9,23.51,24.0,3.8655999999999997,1.8656
1385,5,9,24.01,24.5,3.8856,1.8856
1386,5,9,24.51,25.0,3.9055999999999997,1.9056
1387,5,9,25.01,25.5,3.976,1.976
1388,5,9,25.51,26.0,5.0464,2.0463999999999998
1389,5,9,26.01,26.5,5.1168,2.1168
1390,5,9,26.51,27.0,5.1872,2.1872
1391,5,9,27.01,27.5,5.2576,3.2576
1392,5,9,27.51,28.0,5.328,2.3280000000000003
1393,5,9,28.01,28.5,5.3984000000000005,1.3984
1394,5,9,28.51,29.0,5.4688,3.4688
1395,5,9,29.01,29.5,5.539199999999999,1.5391999999999997
1396,5,9,29.51,30.0,5.6096,3.6096000000000004
1397,5,9,30.01,30.5,5.68,2.68
1398,5,9,30.51,31.0,5.750400000000001,1.7504000000000004
1399,5,9,31.01,31.5,5.8208,3.8208
1400,5,9,31.51,32.0,5.8911999999999995,2.8912
1401,5,9,32.01,32.5,5.961600000000001,3.9616000000000002
1402,5,9,32.51,33.0,7.032,2.0320000000000005
1403,5,9,33.01,33.5,7.1024,2.1024000000000003
1404,5,9,33.51,34.0,7.1728000000000005,3.1728000000000005
1405,5,9,34.01,34.5,7.2432,2.2432000000000003
1406,5,9,34.51,35.0,7.3136,2.3136
1407,5,9,35.01,35.5,7.384,3.3840000000000003
1408,5,9,35.51,36.0,7.454400000000001,4.454400000000001
1409,5,9,36.01,36.5,7.524800000000001,2.5248000000000004
1410,5,9,36.51,37.0,7.5952,4.5952
1411,5,9,37.01,37.5,7.6655999999999995,3.6656
1412,5,9,37.51,38.0,7.736000000000001,2.736
1413,5,9,38.01,38.5,7.8064,4.8064
1414,5,9,38.51,39.0,7.8768,3.8768000000000002
1415,5,9,39.01,39.5,7.9472000000000005,2.9472000000000005
1416,5,9,39.51,40.0,9.017600000000002,5.017600000000001
1417,5,9,40.01,40.5,9.088000000000001,6.088
1418,5,9,40.51,41.0,9.1584,6.1584
1419,5,9,41.01,41.5,9.2288,6.228800000000001
1420,5,9,41.51,42.0,9.299199999999999,6.2992
1421,5,9,42.01,42.5,9.3696,4.3696
1422,5,9,42.51,43.0,9.440000000000001,5.44
1423,5,9,43.01,43.5,9.5104,3.5104000000000006
1424,5,9,43.51,44.0,9.5808,6.5808
1425,5,9,44.01,44.5,9.6512,5.6512
1426,5,9,44.51,45.0,9.7216,3.7216000000000005
1427,5,9,45.01,45.5,9.778400000000001,3.7784000000000004
1428,5,9,45.51,46.0,9.8352,2.8352000000000004
1429,5,9,46.01,46.5,9.892,5.892
1430,5,9,46.51,47.0,9.9488,3.9488000000000003
1431,5,9,47.01,47.5,11.005600000000001,6.0056
1432,5,9,47.51,48.0,11.0624,3.0624000000000002
1433,5,9,48.01,48.5,11.1192,3.1192
1434,5,9,48.51,49.0,11.176,4.176
1435,5,9,49.01,49.5,11.232800000000001,3.2328
1436,5,9,49.51,50.0,11.2896,4.2896
1437,5,9,50.01,50.5,11.3464,6.3464
1438,5,9,50.51,51.0,11.403200000000002,5.403200000000001
1439,5,9,51.01,51.5,11.46,6.46
1440,5,9,51.51,52.0,11.5168,6.516800000000001
1441,5,9,52.01,52.5,11.573599999999999,3.5736
1442,5,9,52.51,53.0,11.630400000000002,7.630400000000001
1443,5,9,53.01,53.5,11.6872,4.687200000000001
1444,5,9,53.51,54.0,11.744,7.744
1445,5,9,54.01,54.5,11.8008,3.8008000000000006
1446,5,9,54.51,55.0,11.8576,3.8575999999999997
1447,5,9,55.01,55.5,11.9144,3.9144000000000005
1448,5,9,55.51,56.0,11.9712,6.9712
1449,5,9,56.01,56.5,13.028,5.0280000000000005
1450,5,9,56.51,57.0,13.084800000000001,8.084800000000001
1451,5,9,57.01,57.5,13.1416,6.1416
1452,5,9,57.51,58.0,13.1984,8.1984
1453,5,9,58.01,58.5,13.255199999999999,8.255199999999999
1454,5,9,58.51,59.0,13.312000000000001,3.3120000000000003
1455,5,9,59.01,59.5,13.3688,3.3688000000000002
1456,5,9,59.51,60.0,13.4256,5.4256
1457,5,9,60.01,60.5,13.4824,3.4824
1458,5,9,60.51,61.0,13.539200000000001,3.539200000000001
1459,5,9,61.01,61.5,13.596,7.596
1460,5,9,61.51,62.0,13.6528,8.6528
1461,5,9,62.01,62.5,13.7096,8.7096
1462,5,9,62.51,63.0,13.7664,6.7664
1463,5,9,63.01,63.5,13.8232,4.823200000000001
1464,5,9,63.51,64.0,13.879999999999999,7.88
1465,5,9,64.01,64.5,13.936800000000002,5.936800000000001
1466,5,9,64.51,65.0,13.9936,9.9936
1467,5,9,65.01,65.5,15.0504,6.050400000000001
1468,5,9,65.51,66.0,15.1072,7.107200000000001
1469,5,9,66.01,66.5,15.164,9.164
1470,5,9,66.51,67.0,15.2208,10.2208
1471,5,9,67.01,67.5,15.2776,10.2776
1472,5,9,67.51,68.0,15.3344,4.3344000000000005
1473,5,9,68.01,68.5,15.391200000000001,6.3912
1474,5,9,68.51,69.0,15.448,10.448
1475,5,9,69.01,69.5,15.5048,9.5048
1476,5,9,69.51,70.0,15.561600000000002,10.561600000000002
1477,5,9,70.01,70.5,15.618400000000001,8.618400000000001
1478,5,9,70.51,71.0,15.6752,4.6752
1479,5,9,71.01,71.5,15.732,6.732
1480,5,9,71.51,72.0,15.7888,4.7888
1481,5,9,72.01,72.5,15.845600000000001,10.845600000000001
1482,5,9,72.51,73.0,15.9024,9.9024
1483,5,9,73.01,73.5,15.959200000000001,5.959200000000001
1484,5,9,73.51,74.0,17.016,11.016
1485,5,9,74.01,74.5,17.0728,12.072799999999999
1486,5,9,74.51,75.0,17.1296,10.1296
1487,5,9,75.01,99999.99,17.1812,0.13520000000000001
1488,3,9,0.0,5000.0,25.4236,6.4236
1489,3,9,0.0,5000.0,27.2024,15.2024
1490,3,9,0.0,5000.0,25.4236,11.4236
1491,3,9,0.0,5000.0,27.2024,10.2024
1492,3,9,0.0,5000.0,27.2024,9.2024
1493,3,9,0.0,5000.0,33.3172,16.3172
1494,3,9,0.0,5000.0,27.2024,9.2024
1495,3,9,0.0,5000.0,33.3172,20.3172
1496,3,9,0.0,5000.0,33.3172,13.3172
1497,3,9,0.0,5000.0,27.2024,18.2024
1498,3,9,0.0,5000.0,27.2024,16.2024
1499,3,9,0.0,5000.0,33.3172,17.3172
1500,3,9,0.0,5000.0,27.2024,16.2024
1501,3,9,0.0,5000.0,27.2024,9.2024
1502,3,9,0.0,5000.0,25.4236,16.4236
1503,3,9,0.0,5000.0,25.4236,15.4236
1504,3,9,0.0,5000.0,27.2024,13.2024
1505,3,9,0.0,5000.0,27.2024,13.2024
1506,3,9,0.0,5000.0,33.3172,8.3172
1507,3,9,0.0,5000.0,33.3172,17.3172
1508,3,9,0.0,5000.0,33.3172,12.3172
1509,3,9,0.0,5000.0,27.2024,7.202400000000001
1510,3,9,0.0,5000.0,27.2024,13.2024
1511,3,9,0.0,5000.0,33.3172,10.3172
1512,9,9,0.0,5000.0,31.278399999999998,20.278399999999998
1513,9,9,0.0,5000.0,31.278399999999998,12.2784
1514,9,9,500.0,1999.99,27.304000000000002,0.058800000000000005
1515,9,9,0.0,99.99,27.304000000000002,0.058800000000000005
1516,9,9,100.0,249.99,27.304000000000002,0.058800000000000005
1517,9,9,250.0,499.99,27.304000000000002,0.058800000000000005
1518,9,9,2000.0,99999.99,27.304000000000002,0.058800000000000005
1519,9,9,0.0,5000.0,31.278399999999998,13.2784
1520,11,9,100.0,249.99,27.7884,0.20279999999999998
1521,11,9,2000.0,99999.99,27.7884,0.20279999999999998
1522,11,9,250.0,499.99,27.7884,0.20279999999999998
1523,11,9,0.0,99.99,27.7884,0.34480000000000005
1524,11,9,500.0,1999.99,27.7884,0.20279999999999998
1525,4,9,0.0,99.99,31.9612,0.1816
1526,4,9,2000.0,99999.99,31.9612,0.1816
1527,4,9,250.0,499.99,31.9612,0.1816
1528,4,9,500.0,1999.99,31.9612,0.1816
1529,4,9,100.0,249.99,31.9612,0.1816
1530,2,9,500.0,1999.99,27.0384,0.124
1531,2,9,2000.0,99999.99,27.0384,0.124
1532,2,9,100.0,249.99,27.0384,0.124
1533,2,9,250.0,499.99,27.0384,0.124
1534,2,9,0.0,99.99,27.0384,0.124
1535,3,9,0.0,99.99,29.339199999999998,0.41159999999999997
1536,3,9,500.0,1999.99,29.339199999999998,0.3112
1537,3,9,250.0,499.99,29.339199999999998,0.41159999999999997
1538,3,9,2000.0,99999.99,29.339199999999998,0.3112
1539,3,9,100.0,249.99,29.339199999999998,0.41159999999999997
